time_s,x_m,y_m,yaw_rad,linear_x,angular_z
0.0,0.011000000000000001,0.0,0.0,0.22,0.0
0.05,0.022000000000000002,0.0,0.0,0.22,0.0
0.1,0.033,0.0,0.0,0.22,0.0
0.15,0.044000000000000004,0.0,0.0,0.22,0.0
0.2,0.05500000000000001,0.0,0.0,0.22,0.0
0.25,0.066,0.0,0.0,0.22,0.0
0.3,0.077,0.0,0.0,0.22,0.0
0.35,0.088,0.0,0.0,0.22,0.0
0.4,0.09899999999999999,0.0,0.0,0.22,0.0
0.45,0.10999999999999999,0.0,0.0,0.22,0.0
0.5,0.12099999999999998,0.0,0.0,0.22,0.0
0.55,0.13199999999999998,0.0,0.0,0.22,0.0
0.6,0.143,0.0,0.0,0.22,0.0
0.65,0.154,0.0,0.0,0.22,0.0
0.7,0.165,0.0,0.0,0.22,0.0
0.75,0.17600000000000002,0.0,0.0,0.22,0.0
0.8,0.18700000000000003,0.0,0.0,0.22,0.0
0.85,0.19800000000000004,0.0,0.0,0.22,0.0
0.9,0.20900000000000005,0.0,0.0,0.22,0.0
0.95,0.22000000000000006,0.0,0.0,0.22,0.0
1.0,0.23100000000000007,0.0,0.0,0.22,0.0
1.05,0.24200000000000008,0.0,0.0,0.22,0.0
1.1,0.25300000000000006,0.0,0.0,0.22,0.0
1.15,0.26400000000000007,0.0,0.0,0.22,0.0
1.2,0.2750000000000001,0.0,0.0,0.22,0.0
1.25,0.2860000000000001,0.0,0.0,0.22,0.0
1.3,0.2970000000000001,0.0,0.0,0.22,0.0
1.35,0.3080000000000001,0.0,0.0,0.22,0.0
1.4,0.3190000000000001,0.0,0.0,0.22,0.0
1.45,0.3300000000000001,0.0,0.0,0.22,0.0
1.5,0.34100000000000014,0.0,0.0,0.22,0.0
1.55,0.35200000000000015,0.0,0.0,0.22,0.0
1.6,0.36300000000000016,0.0,0.0,0.22,0.0
1.65,0.37400000000000017,0.0,0.0,0.22,0.0
1.7,0.3850000000000002,0.0,0.0,0.22,0.0
1.75,0.3960000000000002,0.0,0.0,0.22,0.0
1.8,0.4070000000000002,0.0,0.0,0.22,0.0
1.85,0.4180000000000002,0.0,0.0,0.22,0.0
1.9,0.4290000000000002,0.0,0.0,0.22,0.0
1.95,0.4400000000000002,0.0,0.0,0.22,0.0
2.0,0.45100000000000023,0.0,0.0,0.22,0.0
2.05,0.46200000000000024,0.0,0.0,0.22,0.0
2.1,0.47300000000000025,0.0,0.0,0.22,0.0
2.15,0.48400000000000026,0.0,0.0,0.22,0.0
2.2,0.4950000000000003,0.0,0.0,0.22,0.0
2.25,0.5060000000000002,0.0,0.0,0.22,0.0
2.3,0.5060000000000002,0.0,0.07500000000000001,0.0,1.5
2.35,0.5060000000000002,0.0,0.15000000000000002,0.0,1.5
2.4,0.5060000000000002,0.0,0.22500000000000003,0.0,1.5
2.45,0.5060000000000002,0.0,0.30000000000000004,0.0,1.5
2.5,0.5060000000000002,0.0,0.37500000000000006,0.0,1.5
2.55,0.5060000000000002,0.0,0.45000000000000007,0.0,1.5
2.6,0.5060000000000002,0.0,0.5250000000000001,0.0,1.5
2.65,0.5060000000000002,0.0,0.6000000000000001,0.0,1.5
2.7,0.5060000000000002,0.0,0.675,0.0,1.5
2.75,0.5060000000000002,0.0,0.75,0.0,1.5
2.8,0.5060000000000002,0.0,0.825,0.0,1.5
2.85,0.5060000000000002,0.0,0.8999999999999999,0.0,1.5
2.9,0.5060000000000002,0.0,0.9749999999999999,0.0,1.5
2.95,0.5060000000000002,0.0,1.0499999999999998,0.0,1.5
3.0,0.5060000000000002,0.0,1.1249999999999998,0.0,1.5
3.05,0.5060000000000002,0.0,1.1999999999999997,0.0,1.5
3.1,0.5060000000000002,0.0,1.2749999999999997,0.0,1.5
3.15,0.5060000000000002,0.0,1.3499999999999996,0.0,1.5
3.2,0.5060000000000002,0.0,1.4249999999999996,0.0,1.5
3.25,0.5060000000000002,0.0,1.4999999999999996,0.0,1.5
3.3,0.5060000000000002,0.0,1.5749999999999995,0.0,1.5
3.35,0.5059537597309287,0.010999902810366835,1.5749999999999995,0.22,0.0
3.4,0.5059075194618572,0.02199980562073367,1.5749999999999995,0.22,0.0
3.45,0.5058612791927857,0.032999708431100505,1.5749999999999995,0.22,0.0
3.5,0.5058150389237142,0.04399961124146734,1.5749999999999995,0.22,0.0
3.55,0.5057687986546426,0.054999514051834175,1.5749999999999995,0.22,0.0
3.6,0.5057225583855711,0.06599941686220101,1.5749999999999995,0.22,0.0
3.65,0.5056763181164996,0.07699931967256785,1.5749999999999995,0.22,0.0
3.7,0.5056300778474281,0.08799922248293468,1.5749999999999995,0.22,0.0
3.75,0.5055838375783566,0.09899912529330152,1.5749999999999995,0.22,0.0
3.8,0.505537597309285,0.10999902810366835,1.5749999999999995,0.22,0.0
3.85,0.5054913570402135,0.12099893091403519,1.5749999999999995,0.22,0.0
3.9,0.505445116771142,0.13199883372440202,1.5749999999999995,0.22,0.0
3.95,0.5053988765020705,0.14299873653476886,1.5749999999999995,0.22,0.0
4.0,0.505352636232999,0.1539986393451357,1.5749999999999995,0.22,0.0
4.05,0.5053063959639275,0.16499854215550253,1.5749999999999995,0.22,0.0
4.1,0.5052601556948559,0.17599844496586936,1.5749999999999995,0.22,0.0
4.15,0.5052139154257844,0.1869983477762362,1.5749999999999995,0.22,0.0
4.2,0.5051676751567129,0.19799825058660303,1.5749999999999995,0.22,0.0
4.25,0.5051214348876414,0.20899815339696987,1.5749999999999995,0.22,0.0
4.3,0.5050751946185699,0.2199980562073367,1.5749999999999995,0.22,0.0
4.35,0.5050289543494983,0.23099795901770354,1.5749999999999995,0.22,0.0
4.4,0.5049827140804268,0.24199786182807037,1.5749999999999995,0.22,0.0
4.45,0.5049364738113553,0.2529977646384372,1.5749999999999995,0.22,0.0
4.5,0.5048902335422838,0.26399766744880404,1.5749999999999995,0.22,0.0
4.55,0.5048439932732123,0.2749975702591709,1.5749999999999995,0.22,0.0
4.6,0.5047977530041408,0.2859974730695377,1.5749999999999995,0.22,0.0
4.65,0.5047515127350692,0.29699737587990455,1.5749999999999995,0.22,0.0
4.7,0.5047052724659977,0.3079972786902714,1.5749999999999995,0.22,0.0
4.75,0.5046590321969262,0.3189971815006382,1.5749999999999995,0.22,0.0
4.8,0.5046127919278547,0.32999708431100505,1.5749999999999995,0.22,0.0
4.85,0.5045665516587832,0.3409969871213719,1.5749999999999995,0.22,0.0
4.9,0.5045203113897117,0.3519968899317387,1.5749999999999995,0.22,0.0
4.95,0.5044740711206401,0.36299679274210556,1.5749999999999995,0.22,0.0
5.0,0.5044278308515686,0.3739966955524724,1.5749999999999995,0.22,0.0
5.05,0.5043815905824971,0.3849965983628392,1.5749999999999995,0.22,0.0
5.1,0.5043353503134256,0.39599650117320606,1.5749999999999995,0.22,0.0
5.15,0.5042891100443541,0.4069964039835729,1.5749999999999995,0.22,0.0
5.2,0.5042428697752825,0.41799630679393973,1.5749999999999995,0.22,0.0
5.25,0.504196629506211,0.42899620960430657,1.5749999999999995,0.22,0.0
5.3,0.5041503892371395,0.4399961124146734,1.5749999999999995,0.22,0.0
5.35,0.504104148968068,0.45099601522504024,1.5749999999999995,0.22,0.0
5.4,0.5040579086989965,0.46199591803540707,1.5749999999999995,0.22,0.0
5.45,0.504011668429925,0.4729958208457739,1.5749999999999995,0.22,0.0
5.5,0.5039654281608534,0.48399572365614074,1.5749999999999995,0.22,0.0
5.55,0.5039191878917819,0.4949956264665076,1.5749999999999995,0.22,0.0
5.6,0.5038729476227104,0.5059955292768744,1.5749999999999995,0.22,0.0
5.65,0.5038729476227104,0.5059955292768744,1.6499999999999995,0.0,1.5
5.7,0.5038729476227104,0.5059955292768744,1.7249999999999994,0.0,1.5
5.75,0.5038729476227104,0.5059955292768744,1.7999999999999994,0.0,1.5
5.8,0.5038729476227104,0.5059955292768744,1.8749999999999993,0.0,1.5
5.85,0.5038729476227104,0.5059955292768744,1.9499999999999993,0.0,1.5
5.9,0.5038729476227104,0.5059955292768744,2.0249999999999995,0.0,1.5
5.95,0.5038729476227104,0.5059955292768744,2.0999999999999996,0.0,1.5
6.0,0.5038729476227104,0.5059955292768744,2.175,0.0,1.5
6.05,0.5038729476227104,0.5059955292768744,2.25,0.0,1.5
6.1,0.5038729476227104,0.5059955292768744,2.325,0.0,1.5
6.15,0.5038729476227104,0.5059955292768744,2.4000000000000004,0.0,1.5
6.2,0.5038729476227104,0.5059955292768744,2.4750000000000005,0.0,1.5
6.25,0.5038729476227104,0.5059955292768744,2.5500000000000007,0.0,1.5
6.3,0.5038729476227104,0.5059955292768744,2.625000000000001,0.0,1.5
6.35,0.5038729476227104,0.5059955292768744,2.700000000000001,0.0,1.5
6.4,0.5038729476227104,0.5059955292768744,2.7750000000000012,0.0,1.5
6.45,0.5038729476227104,0.5059955292768744,2.8500000000000014,0.0,1.5
6.5,0.5038729476227104,0.5059955292768744,2.9250000000000016,0.0,1.5
6.55,0.5038729476227104,0.5059955292768744,3.0000000000000018,0.0,1.5
6.6,0.5038729476227104,0.5059955292768744,3.075000000000002,0.0,1.5
6.65,0.5038729476227104,0.5059955292768744,3.150000000000002,0.0,1.5
6.7,0.49287333637952563,0.5059030495558358,3.150000000000002,0.22,0.0
6.75,0.48187372513634086,0.5058105698347971,3.150000000000002,0.22,0.0
6.8,0.4708741138931561,0.5057180901137585,3.150000000000002,0.22,0.0
6.85,0.4598745026499713,0.5056256103927198,3.150000000000002,0.22,0.0
6.9,0.44887489140678655,0.5055331306716812,3.150000000000002,0.22,0.0
6.95,0.4378752801636018,0.5054406509506425,3.150000000000002,0.22,0.0
7.0,0.426875668920417,0.5053481712296038,3.150000000000002,0.22,0.0
7.05,0.41587605767723224,0.5052556915085652,3.150000000000002,0.22,0.0
7.1,0.40487644643404747,0.5051632117875265,3.150000000000002,0.22,0.0
7.15,0.3938768351908627,0.5050707320664879,3.150000000000002,0.22,0.0
7.2,0.3828772239476779,0.5049782523454492,3.150000000000002,0.22,0.0
7.25,0.37187761270449315,0.5048857726244106,3.150000000000002,0.22,0.0
7.3,0.3608780014613084,0.5047932929033719,3.150000000000002,0.22,0.0
7.35,0.3498783902181236,0.5047008131823333,3.150000000000002,0.22,0.0
7.4,0.33887877897493884,0.5046083334612946,3.150000000000002,0.22,0.0
7.45,0.3278791677317541,0.504515853740256,3.150000000000002,0.22,0.0
7.5,0.3168795564885693,0.5044233740192173,3.150000000000002,0.22,0.0
7.55,0.30587994524538453,0.5043308942981787,3.150000000000002,0.22,0.0
7.6,0.29488033400219976,0.50423841457714,3.150000000000002,0.22,0.0
7.65,0.283880722759015,0.5041459348561014,3.150000000000002,0.22,0.0
7.7,0.2728811115158302,0.5040534551350627,3.150000000000002,0.22,0.0
7.75,0.26188150027264545,0.5039609754140241,3.150000000000002,0.22,0.0
7.8,0.2508818890294607,0.5038684956929854,3.150000000000002,0.22,0.0
7.85,0.2398822777862759,0.5037760159719468,3.150000000000002,0.22,0.0
7.9,0.22888266654309114,0.5036835362509081,3.150000000000002,0.22,0.0
7.95,0.21788305529990637,0.5035910565298695,3.150000000000002,0.22,0.0
8.0,0.2068834440567216,0.5034985768088308,3.150000000000002,0.22,0.0
8.05,0.19588383281353683,0.5034060970877922,3.150000000000002,0.22,0.0
8.1,0.18488422157035206,0.5033136173667535,3.150000000000002,0.22,0.0
8.15,0.1738846103271673,0.5032211376457149,3.150000000000002,0.22,0.0
8.2,0.16288499908398252,0.5031286579246762,3.150000000000002,0.22,0.0
8.25,0.15188538784079775,0.5030361782036376,3.150000000000002,0.22,0.0
8.3,0.14088577659761298,0.5029436984825989,3.150000000000002,0.22,0.0
8.35,0.1298861653544282,0.5028512187615602,3.150000000000002,0.22,0.0
8.4,0.11888655411124344,0.5027587390405216,3.150000000000002,0.22,0.0
8.45,0.10788694286805867,0.5026662593194829,3.150000000000002,0.22,0.0
8.5,0.0968873316248739,0.5025737795984443,3.150000000000002,0.22,0.0
8.55,0.08588772038168913,0.5024812998774056,3.150000000000002,0.22,0.0
8.6,0.07488810913850436,0.502388820156367,3.150000000000002,0.22,0.0
8.65,0.06388849789531958,0.5022963404353283,3.150000000000002,0.22,0.0
8.7,0.05288888665213482,0.5022038607142897,3.150000000000002,0.22,0.0
8.75,0.04188927540895006,0.502111380993251,3.150000000000002,0.22,0.0
8.8,0.030889664165765295,0.5020189012722124,3.150000000000002,0.22,0.0
8.85,0.01989005292258053,0.5019264215511737,3.150000000000002,0.22,0.0
8.9,0.008890441679395768,0.5018339418301351,3.150000000000002,0.22,0.0
8.95,-0.0021091695637889957,0.5017414621090964,3.150000000000002,0.22,0.0
9.0,-0.0021091695637889957,0.5017414621090964,3.2250000000000023,0.0,1.5
9.05,-0.0021091695637889957,0.5017414621090964,3.3000000000000025,0.0,1.5
9.1,-0.0021091695637889957,0.5017414621090964,3.3750000000000027,0.0,1.5
9.15,-0.0021091695637889957,0.5017414621090964,3.450000000000003,0.0,1.5
9.2,-0.0021091695637889957,0.5017414621090964,3.525000000000003,0.0,1.5
9.25,-0.0021091695637889957,0.5017414621090964,3.600000000000003,0.0,1.5
9.3,-0.0021091695637889957,0.5017414621090964,3.6750000000000034,0.0,1.5
9.35,-0.0021091695637889957,0.5017414621090964,3.7500000000000036,0.0,1.5
9.4,-0.0021091695637889957,0.5017414621090964,3.8250000000000037,0.0,1.5
9.45,-0.0021091695637889957,0.5017414621090964,3.900000000000004,0.0,1.5
9.5,-0.0021091695637889957,0.5017414621090964,3.975000000000004,0.0,1.5
9.55,-0.0021091695637889957,0.5017414621090964,4.050000000000004,0.0,1.5
9.6,-0.0021091695637889957,0.5017414621090964,4.125000000000004,0.0,1.5
9.65,-0.0021091695637889957,0.5017414621090964,4.200000000000005,0.0,1.5
9.7,-0.0021091695637889957,0.5017414621090964,4.275000000000005,0.0,1.5
9.75,-0.0021091695637889957,0.5017414621090964,4.350000000000005,0.0,1.5
9.8,-0.0021091695637889957,0.5017414621090964,4.425000000000005,0.0,1.5
9.85,-0.0021091695637889957,0.5017414621090964,4.500000000000005,0.0,1.5
9.9,-0.0021091695637889957,0.5017414621090964,4.5750000000000055,0.0,1.5
9.95,-0.0021091695637889957,0.5017414621090964,4.650000000000006,0.0,1.5
10.0,-0.0021091695637889957,0.5017414621090964,4.725000000000006,0.0,1.5
10.05,-0.001970452024977806,0.4907423368054904,4.725000000000006,0.22,0.0
10.1,-0.0018317344861666165,0.47974321150188437,4.725000000000006,0.22,0.0
10.15,-0.001693016947355427,0.46874408619827834,4.725000000000006,0.22,0.0
10.2,-0.0015542994085442376,0.4577449608946723,4.725000000000006,0.22,0.0
10.25,-0.0014155818697330481,0.4467458355910663,4.725000000000006,0.22,0.0
10.3,-0.0012768643309218587,0.43574671028746026,4.725000000000006,0.22,0.0
10.35,-0.0011381467921106692,0.42474758498385423,4.725000000000006,0.22,0.0
10.4,-0.0009994292532994797,0.4137484596802482,4.725000000000006,0.22,0.0
10.45,-0.0008607117144882902,0.4027493343766422,4.725000000000006,0.22,0.0
10.5,-0.0007219941756771006,0.39175020907303615,4.725000000000006,0.22,0.0
10.55,-0.000583276636865911,0.3807510837694301,4.725000000000006,0.22,0.0
10.6,-0.00044455909805472143,0.3697519584658241,4.725000000000006,0.22,0.0
10.65,-0.00030584155924353186,0.35875283316221807,4.725000000000006,0.22,0.0
10.7,-0.0001671240204323423,0.34775370785861204,4.725000000000006,0.22,0.0
10.75,-2.840648162115276e-05,0.336754582555006,4.725000000000006,0.22,0.0
10.8,0.00011031105719003679,0.3257554572514,4.725000000000006,0.22,0.0
10.85,0.00024902859600122633,0.31475633194779395,4.725000000000006,0.22,0.0
10.9,0.0003877461348124159,0.3037572066441879,4.725000000000006,0.22,0.0
10.95,0.0005264636736236055,0.2927580813405819,4.725000000000006,0.22,0.0
11.0,0.0006651812124347951,0.28175895603697587,4.725000000000006,0.22,0.0
11.05,0.0008038987512459846,0.27075983073336984,4.725000000000006,0.22,0.0
11.1,0.0009426162900571742,0.2597607054297638,4.725000000000006,0.22,0.0
11.15,0.0010813338288683638,0.2487615801261578,4.725000000000006,0.22,0.0
11.2,0.0012200513676795532,0.23776245482255176,4.725000000000006,0.22,0.0
11.25,0.0013587689064907427,0.22676332951894573,4.725000000000006,0.22,0.0
11.3,0.0014974864453019322,0.2157642042153397,4.725000000000006,0.22,0.0
11.35,0.0016362039841131216,0.20476507891173368,4.725000000000006,0.22,0.0
11.4,0.001774921522924311,0.19376595360812765,4.725000000000006,0.22,0.0
11.45,0.0019136390617355006,0.18276682830452162,4.725000000000006,0.22,0.0
11.5,0.00205235660054669,0.1717677030009156,4.725000000000006,0.22,0.0
11.55,0.0021910741393578797,0.16076857769730957,4.725000000000006,0.22,0.0
11.6,0.0023297916781690694,0.14976945239370354,4.725000000000006,0.22,0.0
11.65,0.002468509216980259,0.1387703270900975,4.725000000000006,0.22,0.0
11.7,0.0026072267557914488,0.12777120178649148,4.725000000000006,0.22,0.0
11.75,0.0027459442946026385,0.11677207648288547,4.725000000000006,0.22,0.0
11.8,0.002884661833413828,0.10577295117927946,4.725000000000006,0.22,0.0
11.85,0.003023379372225018,0.09477382587567344,4.725000000000006,0.22,0.0
11.9,0.0031620969110362075,0.08377470057206743,4.725000000000006,0.22,0.0
11.95,0.003300814449847397,0.07277557526846141,4.725000000000006,0.22,0.0
12.0,0.003439531988658587,0.061776449964855394,4.725000000000006,0.22,0.0
12.05,0.0035782495274697766,0.05077732466124937,4.725000000000006,0.22,0.0
12.1,0.0037169670662809662,0.03977819935764335,4.725000000000006,0.22,0.0
12.15,0.003855684605092156,0.028779074054037332,4.725000000000006,0.22,0.0
12.2,0.003994402143903345,0.01777994875043131,4.725000000000006,0.22,0.0
12.25,0.004133119682714534,0.006780823446825292,4.725000000000006,0.22,0.0
12.3,0.004271837221525724,-0.004218301856780727,4.725000000000006,0.22,0.0
12.35,0.004271837221525724,-0.004218301856780727,4.800000000000006,0.0,1.5
12.4,0.004271837221525724,-0.004218301856780727,4.875000000000006,0.0,1.5
12.45,0.004271837221525724,-0.004218301856780727,4.950000000000006,0.0,1.5
12.5,0.004271837221525724,-0.004218301856780727,5.025000000000007,0.0,1.5
12.55,0.004271837221525724,-0.004218301856780727,5.100000000000007,0.0,1.5
12.6,0.004271837221525724,-0.004218301856780727,5.175000000000007,0.0,1.5
12.65,0.004271837221525724,-0.004218301856780727,5.250000000000007,0.0,1.5
12.7,0.004271837221525724,-0.004218301856780727,5.325000000000007,0.0,1.5
12.75,0.004271837221525724,-0.004218301856780727,5.4000000000000075,0.0,1.5
12.8,0.004271837221525724,-0.004218301856780727,5.475000000000008,0.0,1.5
12.85,0.004271837221525724,-0.004218301856780727,5.550000000000008,0.0,1.5
12.9,0.004271837221525724,-0.004218301856780727,5.625000000000008,0.0,1.5
12.95,0.004271837221525724,-0.004218301856780727,5.700000000000008,0.0,1.5
13.0,0.004271837221525724,-0.004218301856780727,5.775000000000008,0.0,1.5
13.05,0.004271837221525724,-0.004218301856780727,5.8500000000000085,0.0,1.5
13.1,0.004271837221525724,-0.004218301856780727,5.925000000000009,0.0,1.5
13.15,0.004271837221525724,-0.004218301856780727,6.000000000000009,0.0,1.5
13.2,0.004271837221525724,-0.004218301856780727,6.075000000000009,0.0,1.5
13.25,0.004271837221525724,-0.004218301856780727,6.150000000000009,0.0,1.5
13.3,0.004271837221525724,-0.004218301856780727,6.225000000000009,0.0,1.5
13.35,0.004271837221525724,-0.004218301856780727,6.30000000000001,0.0,1.5
13.4,0.004271837221525724,-0.004218301856780727,6.30000000000001,0.0,0.0
13.45,0.004271837221525724,-0.004218301856780727,6.30000000000001,0.0,0.0
